"donor_code","recipient_code","count"
1012,728,3
1012,437,3
1012,274,4
1012,142,3
1012,354,4
1012,555,3
1012,256,3
1012,862,3
1012,612,4
1012,282,3
1012,831,3
1012,460,4
1012,880,3
1012,252,3
1012,257,3
1012,753,4
1012,655,4
1012,616,4
1012,440,3
1012,271,3
1012,866,4
1012,364,4
1012,665,4
1012,269,6
1012,351,6
1012,640,3
1012,425,5
1012,347,4
1012,266,3
4,625,8
4,287,27
4,228,6
4,236,20
4,428,1
4,431,6
4,235,14
4,231,19
4,234,21
4,247,17
4,229,30
4,730,7
4,437,5
4,230,3
4,274,5
4,340,4
4,130,2
4,440,3
4,142,13
4,238,10
4,239,12
4,241,12
4,243,16
4,349,14
4,738,3
4,645,6
4,549,12
4,248,13
4,728,24
4,233,17
4,745,7
4,555,4
4,640,2
4,136,28
4,252,54
4,255,44
4,256,17
4,257,6
4,358,4
4,259,14
4,260,24
4,261,9
4,454,1
4,755,2
4,665,5
4,550,23
4,266,2
4,270,1
4,278,2
4,272,1
4,269,37
4,457,2
4,268,1
4,573,1
4,232,23
4,283,13
4,139,32
4,55,3
4,282,3
4,285,4
4,769,20
4,218,1
4,288,3
4,265,1
913,130,84
913,225,174
913,236,319
913,227,113
913,287,341
913,228,238
913,229,344
913,230,145
913,231,136
913,232,318
913,247,134
913,233,104
913,234,122
913,274,141
913,235,394
913,142,304
913,245,100
913,271,51
913,238,358
913,,59
913,239,113
913,240,171
913,241,550
913,243,249
913,244,150
913,248,545
913,249,147
913,251,225
913,133,19
913,252,310
913,253,436
913,255,404
913,256,218
913,257,86
913,136,501
913,259,449
913,998,3180
913,275,49
913,260,310
913,261,271
913,266,351
913,268,135
913,269,390
913,270,71
913,272,270
913,273,64
913,218,63
913,279,26
913,278,89
913,280,108
913,282,446
913,283,172
913,139,451
913,285,473
913,288,229
913,265,115
6,238,503
915,625,548
915,610,318
915,611,356
915,666,2107
915,630,442
915,831,76
915,730,2762
915,832,102
915,860,64
915,612,549
915,738,600
915,645,3166
915,614,823
915,728,1336
915,836,89
915,613,214
915,745,1260
915,640,1584
915,859,58
915,635,184
915,753,817
915,655,99
915,660,1501
915,845,40
915,862,809
915,755,399
915,665,1576
915,861,118
915,798,42
915,866,233
915,764,35
915,615,537
915,765,374
915,616,31
915,870,159
915,872,43
915,617,933
915,769,2373
915,854,85
915,880,231
801,289,112
801,298,186
801,380,88
801,489,58
801,589,59
801,689,215
801,789,190
801,798,415
801,,16
801,889,1039
801,998,3385
801,625,611
801,377,41
801,71,16
801,610,9
801,225,39
801,425,86
801,611,13
801,64,31
801,329,5
801,666,947
801,287,58
801,228,150
801,236,26
801,428,107
801,431,145
801,630,313
801,227,255
801,352,113
801,235,147
801,231,36
801,234,22
801,247,38
801,831,196
801,434,152
801,728,2468
801,730,597
801,437,74
801,336,38
801,338,11
801,230,61
801,274,22
801,378,77
801,340,29
801,130,21
801,440,84
801,142,82
801,271,23
801,238,567
801,832,1658
801,860,373
801,239,16
801,381,65
801,612,4
801,241,440
801,240,43
801,243,40
801,245,19
801,347,39
801,244,20
801,446,86
801,351,80
801,349,136
801,738,2358
801,645,599
801,543,204
801,540,64
801,354,118
801,549,258
801,248,786
801,614,11
801,836,1097
801,233,44
801,382,29
801,740,11
801,613,1
801,745,1151
801,555,365
801,383,71
801,640,570
801,251,115
801,249,341
801,133,22
801,136,25
801,93,9
801,65,11
801,252,82
801,859,412
801,66,15
801,255,68
801,635,999
801,753,556
801,256,18
801,257,78
801,655,192
801,253,458
801,358,76
801,751,161
801,259,334
801,275,211
801,260,91
801,261,289
801,364,60
801,660,748
801,845,528
801,856,193
801,366,24
801,454,279
801,862,2118
801,755,1432
801,665,735
801,550,333
801,861,425
801,451,126
801,63,48
801,266,195
801,866,1603
801,270,96
801,278,197
801,272,95
801,269,147
801,273,126
801,457,73
801,268,69
801,342,47
801,573,47
801,280,234
801,232,23
801,283,56
801,764,995
801,615,12
801,868,61
801,765,1199
801,139,35
801,870,1011
801,55,76
801,375,21
801,872,494
801,282,533
801,85,46
801,285,415
801,460,41
801,617,1
801,384,89
801,463,24
801,769,1504
801,854,1341
801,876,51
801,880,1066
801,580,66
801,218,684
801,288,400
801,265,403
2,998,4242
2,228,655
2,235,1954
2,287,305
2,269,346
2,218,419
2,728,162
2,136,367
2,645,163
2,738,64
2,431,77
2,437,102
2,349,194
2,260,281
2,289,140
2,266,515
2,338,372
2,454,438
2,253,92
2,236,425
2,248,334
2,550,293
2,247,81
2,428,408
2,282,437
2,347,90
2,252,105
2,364,91
2,755,206
2,769,827
2,229,181
2,285,478
2,259,286
2,130,181
2,283,96
2,255,338
2,238,294
2,440,440
2,279,42
2,498,8
2,351,65
2,340,35
2,389,8
2,625,49
2,573,51
2,753,14
2,261,33
2,288,44
2,730,77
2,272,19
2,234,18
2,225,7
2,268,7
2,298,100
2,256,23
2,798,15
2,64,12
2,63,20
2,231,27
2,665,3
2,278,24
2,241,171
2,139,54
2,549,41
2,251,30
2,555,42
2,243,41
2,85,32
2,543,26
2,580,12
2,640,39
2,489,29
2,244,7
2,,16
2,589,4
2,660,53
2,854,1
2,55,18
2,273,20
2,232,6
2,666,36
2,265,57
2,457,92
2,745,79
2,342,30
2,275,15
2,679,4
2,358,30
2,446,11
2,240,37
2,451,7
2,610,12
2,612,4
2,93,11
2,189,8
2,142,30
2,425,15
2,460,4
2,740,2
2,71,10
2,613,4
2,354,47
2,86,12
2,635,8
2,380,3
2,280,6
2,764,16
2,230,5
2,57,5
2,434,24
2,133,3
2,270,3
2,336,3
2,463,12
2,617,2
2,619,1
2,751,2
2,540,1
2,65,1
2,271,3
2,862,4
2,233,10
1601,289,2004
1601,666,480
1601,645,2066
1601,261,1169
1601,998,8562
1601,238,861
1601,,1026
1601,241,624
1601,730,193
1601,282,936
1601,285,806
1601,489,193
1601,298,983
1601,287,363
1601,248,984
1601,665,316
1601,288,296
1601,235,186
1601,218,329
1601,689,286
1601,253,390
1601,272,45
1601,273,40
1601,738,162
1601,755,133
1601,255,331
1601,247,87
1601,260,148
1601,236,75
1601,269,240
1601,243,37
1601,283,50
1601,769,158
1601,764,67
1601,389,62
1601,789,70
1601,349,55
1601,259,356
1601,229,77
1601,798,307
1601,266,220
1601,630,49
1601,660,135
1601,640,70
1601,240,47
1601,753,18
1601,274,9
1601,428,31
1601,580,17
1601,228,41
1601,232,43
1601,351,57
1601,364,53
1601,745,35
1601,625,60
1601,765,8
1601,251,84
1601,249,26
1601,231,14
1601,862,20
1601,244,16
1601,550,12
1601,543,15
1601,142,19
1601,234,24
1601,615,5
1601,265,129
1601,271,17
1601,252,46
1601,614,6
1601,617,5
1601,279,28
1601,728,129
1601,233,5
1601,268,5
1601,635,48
1601,740,6
1601,256,19
1601,866,5
1601,278,39
1601,573,16
1601,230,1
1601,431,108
1601,889,19
1601,239,9
1601,347,63
1601,340,3
1601,342,38
1601,336,13
1601,358,76
1601,352,12
1601,227,34
1601,437,50
1601,189,13
1601,589,28
1601,280,25
1601,561,5
1601,576,3
1601,566,6
1601,552,2
1601,225,37
1601,761,14
1601,275,19
1601,610,3
1601,434,16
1601,440,22
1601,454,48
1601,65,4
1601,72,20
1601,64,4
1601,63,4
1601,62,4
1601,71,4
1601,66,4
1601,61,4
1601,77,16
1601,87,7
1601,366,15
1601,55,14
1601,425,4
1601,338,8
1601,832,10
1601,742,23
1601,245,10
1601,139,2
1601,133,2
1601,354,6
1601,83,6
1601,549,6
1601,555,8
1601,751,5
1601,84,6
1601,446,4
1601,76,12
1601,136,7
1601,93,20
1601,498,8
1601,85,12
1601,463,4
1601,451,3
1601,540,4
5,998,1689
5,645,340
5,255,108
5,549,98
5,351,46
5,287,134
5,231,21
5,611,13
5,640,79
5,238,115
5,282,130
5,71,83
5,730,84
5,769,145
5,342,29
5,285,120
5,347,80
5,288,77
5,271,11
5,431,139
5,440,55
5,229,85
5,248,133
5,252,65
5,142,103
5,755,86
5,550,107
5,241,109
5,232,29
5,764,8
5,742,2
5,260,76
5,625,180
5,55,37
5,249,9
5,580,114
5,428,107
5,434,6
5,753,99
5,446,2
5,218,106
5,269,83
5,261,52
5,235,130
5,738,141
5,451,28
5,460,5
5,437,91
5,230,2
5,614,55
5,745,93
5,247,37
5,358,71
5,136,112
5,259,104
5,364,58
5,340,10
5,617,39
5,498,291
5,338,8
5,336,8
5,266,67
5,666,141
5,275,98
5,130,41
5,243,25
5,265,80
5,798,263
5,139,97
5,612,23
5,253,75
5,62,9
5,66,21
5,63,132
5,728,96
5,765,45
5,573,35
5,236,82
5,660,123
5,298,508
5,689,101
5,272,38
5,665,134
5,89,253
5,278,26
5,85,127
5,189,22
5,610,17
5,256,48
5,454,99
5,589,141
5,93,61
5,615,48
5,228,64
5,65,11
5,289,182
5,64,68
5,57,123
5,555,56
5,251,33
5,279,72
5,635,75
5,273,51
5,283,71
5,133,5
5,489,26
5,613,2
5,789,9
5,240,2
5,543,40
5,274,6
5,389,15
5,349,52
5,225,21
5,244,1
5,280,4
5,425,14
5,86,21
5,832,1
5,72,13
5,268,4
5,227,6
5,862,4
5,751,4
5,740,4
5,616,1
5,463,1
5,234,1
5,354,4
5,630,1
3,666,2411
3,689,7332
3,789,4986
3,769,2296
3,364,345
3,389,613
3,289,26070
3,285,4273
3,764,94
3,142,982
3,189,1542
3,236,524
3,248,3064
3,998,15887
3,640,140
3,730,475
3,287,1292
3,282,4074
3,259,4187
3,428,3174
3,489,3241
3,218,505
3,273,1076
3,288,348
3,635,622
3,798,418
3,298,2887
3,660,1693
3,728,61
3,265,434
3,235,20
3,738,1987
3,272,52
3,260,556
3,543,180
3,589,4666
3,247,8
3,498,403
3,550,996
3,278,173
3,625,796
3,89,6655
3,63,264
3,549,522
3,610,64
3,347,6
3,351,50
3,228,27
3,241,2986
3,255,934
3,238,389
3,630,260
3,555,95
3,645,70
3,253,64
3,580,162
3,251,56
3,85,3558
3,244,22
3,86,89
3,136,134
3,65,20
3,71,63
3,665,320
3,614,33
3,745,7
3,64,273
3,279,753
3,679,10
3,615,147
3,283,6
3,93,121
3,349,16
3,573,796
3,266,9
3,612,558
3,540,24
3,139,335
3,617,24
3,133,25
3,755,61
3,225,2
3,229,1
3,437,18
3,261,29
3,454,6
3,431,22
3,434,3
3,751,3
3,66,20
3,765,2
3,358,190
3,130,5
3,231,14
3,55,43
3,889,3
3,861,3
3,611,2
3,338,2
3,655,6
3,440,18
12,645,21859
12,998,72872
12,298,13192
12,437,1505
12,489,128
12,218,4047
12,730,6076
12,738,4203
12,189,162
12,289,3937
12,380,4463
12,389,107
12,589,1640
12,679,271
12,798,3681
12,89,315
12,,2979
12,576,3
12,625,10715
12,71,1136
12,225,561
12,64,1585
12,666,16158
12,287,36
12,228,791
12,236,6
12,431,1953
12,328,2
12,235,7698
12,231,285
12,234,249
12,247,50
12,434,1047
12,229,637
12,338,732
12,230,24
12,378,23
12,440,477
12,142,2279
12,271,70
12,238,12674
12,832,377
12,612,1103
12,241,8586
12,240,645
12,243,120
12,347,451
12,446,895
12,351,357
12,349,423
12,543,2393
12,354,1198
12,549,2273
12,248,9850
12,614,1795
12,728,1994
12,745,586
12,555,1943
12,383,152
12,640,1710
12,251,579
12,249,974
12,133,2552
12,93,733
12,252,184
12,255,105
12,635,5796
12,753,488
12,256,25
12,385,2025
12,655,358
12,253,8007
12,259,8438
12,275,797
12,260,51
12,261,31308
12,364,451
12,660,13016
12,454,618
12,862,450
12,755,1287
12,665,17980
12,550,1883
12,63,1522
12,87,49
12,266,5641
12,866,378
12,278,4998
12,276,1626
12,272,9144
12,269,1391
12,273,7375
12,279,7769
12,573,2465
12,387,405
12,232,30
12,283,5
12,764,1234
12,615,1542
12,765,369
12,139,1909
12,55,2019
12,282,9026
12,85,1968
12,285,7897
12,769,4459
12,854,51
12,880,20
12,57,1087
12,580,2723
12,288,6762
12,265,6421
990,614,13
990,62,16
990,615,7
990,77,29
990,55,27
990,613,47
990,57,7
990,85,37
990,76,15
990,66,4
990,142,33
990,61,8
990,136,20
990,72,12
990,65,3
990,549,30
990,93,4
990,64,13
990,69,4
990,75,4
990,83,5
990,82,5
990,84,7
990,612,20
990,86,8
990,71,5
990,63,15
990,753,5
990,610,6
990,,5
990,611,1
990,139,2
918,,35537
918,189,26
918,298,38
918,389,8
918,489,22
918,498,10
918,589,16
918,619,8
918,679,10
918,689,10
918,789,2
918,798,34
918,88,93
918,89,68
918,576,2
918,625,5200
918,377,117
918,376,20
918,71,2533
918,610,1590
918,361,111
918,225,1946
918,425,648
918,373,59
918,611,1021
918,64,3336
918,329,173
918,666,2739
918,287,3261
918,72,5
918,228,3174
918,236,1937
918,428,1725
918,431,1261
918,328,34
918,630,237
918,227,633
918,86,909
918,352,1013
918,231,2996
918,234,1847
918,247,3624
918,831,104
918,434,585
918,229,3681
918,730,1288
918,437,2208
918,336,305
918,338,378
918,230,913
918,30,3
918,68,3
918,274,674
918,378,488
918,340,1850
918,130,2135
918,440,844
918,82,2
918,142,1979
918,271,879
918,238,3179
918,832,484
918,443,14
918,860,79
918,239,1121
918,381,179
918,612,2847
918,241,2165
918,240,773
918,243,1973
918,245,127
918,347,1549
918,244,1699
918,446,781
918,735,2
918,351,1353
918,62,412
918,349,4396
918,75,6
918,738,1545
918,546,1032
918,645,1788
918,543,695
918,540,169
918,354,1484
918,549,1984
918,248,3003
918,614,1210
918,728,1850
918,836,140
918,233,852
918,382,252
918,740,339
918,742,1
918,386,2
918,613,830
918,745,1087
918,555,2915
918,383,590
918,640,854
918,251,1342
918,249,1055
918,84,3
918,83,2
918,133,339
918,136,2556
918,93,1333
918,65,1873
918,252,4153
918,859,56
918,66,1229
918,255,4028
918,635,1256
918,753,370
918,748,2
918,256,2078
918,385,30
918,45,3
918,257,386
918,655,62
918,253,3118
918,358,770
918,751,133
918,259,2880
918,275,1003
918,850,74
918,261,2855
918,364,2060
918,660,1456
918,845,66
918,856,115
918,366,183
918,454,1346
918,840,159
918,862,1765
918,755,1602
918,665,1898
918,550,3568
918,861,35
918,451,717
918,77,5
918,63,461
918,87,3017
918,266,2023
918,866,396
918,270,173
918,278,2368
918,276,26
918,61,3
918,69,4
918,272,2125
918,273,2643
918,457,605
918,279,1128
918,268,687
918,342,857
918,573,1367
918,280,1262
918,387,76
918,283,1906
918,764,944
918,615,1428
918,765,672
918,616,234
918,139,2150
918,870,184
918,55,1071
918,375,282
918,872,88
918,732,7
918,282,2401
918,85,4040
918,285,3011
918,460,426
918,617,353
918,384,795
918,463,759
918,388,3
918,769,1671
918,854,502
918,876,208
918,880,366
918,57,3602
918,580,1225
918,258,162
918,218,2243
918,288,1931
918,265,1857
918,232,673
918,260,713
918,269,155
918,235,888
918,998,36
932,451,70
932,610,32
932,230,63
932,84,339
932,238,159
932,,2584
932,764,21
932,769,77
932,666,114
932,227,22
932,437,147
932,255,93
932,252,107
932,241,54
932,229,122
932,253,73
932,665,113
932,85,31
932,235,187
932,243,59
932,231,119
932,260,84
932,349,112
932,460,22
932,457,18
932,530,4
932,434,35
932,269,63
932,248,118
932,236,50
932,625,129
932,265,81
932,836,19
932,862,34
932,273,229
932,261,121
932,93,44
932,272,67
932,259,125
932,728,67
932,740,53
932,549,37
932,635,97
932,352,10
932,64,23
932,617,29
932,454,49
932,280,60
932,247,71
932,232,117
932,730,62
932,228,79
932,278,162
932,240,95
932,282,92
932,347,93
932,288,40
932,283,60
932,755,55
932,555,59
932,573,68
932,753,79
932,244,78
932,425,39
932,566,35
932,358,80
932,63,19
932,142,41
932,354,19
932,275,48
932,446,40
932,375,12
932,745,68
932,543,39
932,860,12
932,640,90
932,351,79
932,71,33
932,342,64
932,463,17
932,287,53
932,611,44
932,336,21
932,338,37
932,660,62
932,428,89
932,738,74
932,279,134
932,576,3
932,234,66
932,366,24
932,256,47
932,870,20
932,340,56
932,251,60
932,266,75
932,866,25
932,274,58
932,431,55
932,268,41
932,136,74
932,655,16
932,614,55
932,225,90
932,218,28
932,364,25
932,859,11
932,645,47
932,384,10
932,233,28
932,271,65
932,861,9
932,285,99
932,257,18
932,765,50
932,139,36
932,832,29
932,580,76
932,540,53
932,615,44
932,55,34
932,612,49
932,66,20
932,249,59
932,239,34
932,880,21
932,440,80
932,630,26
932,854,21
932,245,25
932,130,29
932,558,14
932,377,6
932,845,9
932,613,7
932,872,9
932,133,17
932,856,18
932,383,10
932,270,26
932,381,8
932,328,8
932,86,4
932,378,7
932,329,5
932,552,3
932,382,8
932,868,9
932,831,8
932,65,4
932,87,5
932,751,3
12,751,1255
12,617,1272
12,610,992
12,66,1141
12,613,1472
12,611,1392
12,130,1389
12,136,1806
12,358,1821
12,257,942
12,227,1046
12,425,907
12,540,673
12,463,805
12,740,478
12,65,578
12,336,426
12,366,510
12,616,376
12,428,437
12,859,6
12,376,175
12,342,393
12,870,326
12,244,19
12,845,2
12,270,409
12,451,366
12,630,216
12,86,470
12,280,325
12,460,452
12,72,2
12,382,327
12,340,404
12,352,388
12,836,5
12,789,97
12,498,103
12,384,117
12,377,18
12,381,4
12,872,4
12,457,4
12,329,15
12,689,29
12,274,2
12,69,1
12,233,1
12,889,3
12,619,2
301,998,67
301,,36063
301,85,2894
18,998,3683
18,,7499
18,240,32
18,660,441
18,615,144
18,617,28
18,364,160
18,285,293
18,689,36
18,861,1
18,550,247
18,665,101
18,612,59
18,55,56
18,289,370
18,755,75
18,580,49
18,769,441
18,765,41
18,751,48
18,248,666
18,225,56
18,241,61
18,139,71
18,238,604
18,136,125
18,142,166
18,730,552
18,239,5
18,273,373
18,798,203
18,753,70
18,269,51
18,728,199
18,431,120
18,440,56
18,764,72
18,745,91
18,85,148
18,366,12
18,377,5
18,384,3
18,555,92
18,425,60
18,679,79
18,666,330
18,282,796
18,298,433
18,288,442
18,347,45
18,63,150
18,130,6
18,86,51
18,93,124
18,738,152
18,454,180
18,243,13
18,275,293
18,614,158
18,613,50
18,259,290
18,235,108
18,625,339
18,434,79
18,437,102
18,489,170
18,232,26
18,231,32
18,358,105
18,133,17
18,460,18
18,64,51
18,349,74
18,252,25
18,389,76
18,89,87
18,540,5
18,351,55
18,589,119
18,272,143
18,256,10
18,278,134
18,57,64
18,645,489
18,71,29
18,266,22
18,218,196
18,228,50
18,549,22
18,255,30
18,260,7
18,247,26
18,573,69
18,253,105
18,342,7
18,428,78
18,630,29
18,189,29
18,543,43
18,227,31
18,283,16
18,251,52
18,229,23
18,236,20
18,451,20
18,280,29
18,265,73
18,446,8
18,463,17
18,340,19
18,498,29
18,635,134
18,457,4
18,336,11
18,611,23
18,619,34
18,244,6
18,655,10
18,640,80
18,257,6
18,234,4
18,740,29
18,261,51
18,383,3
18,378,3
18,862,6
18,616,6
18,610,49
18,866,4
18,66,20
18,889,8
18,872,2
18,274,3
18,354,2
18,352,6
18,338,9
18,249,10
18,789,18
18,233,3
18,287,23
18,279,39
18,271,11
18,65,4
18,88,1
18,329,1
18,230,2
18,832,2
18,62,43
18,382,1
18,375,1
301,378,2897
301,383,2809
301,377,2145
301,376,827
301,457,1753
301,382,2247
301,446,4191
301,354,5013
301,381,2885
301,385,1183
301,384,2641
301,352,3419
301,255,10125
301,769,5583
301,338,3180
301,349,11439
301,269,8909
301,640,2747
301,666,4464
301,730,1520
301,298,7187
301,655,520
301,279,2435
301,278,2526
301,738,5191
301,274,616
301,248,8307
301,273,889
301,238,9967
301,285,5095
301,271,1067
301,252,2088
301,266,5305
301,282,12983
301,234,1808
301,228,2097
301,283,2094
301,437,5643
301,364,5182
301,347,3790
301,340,2027
301,342,2900
301,366,1336
301,351,7603
301,336,1896
301,665,3970
301,635,1635
301,728,4891
301,244,824
301,287,7710
301,272,2755
301,247,2202
301,236,4388
301,260,3136
301,251,1469
301,256,1329
301,243,1929
301,240,1949
301,261,3965
301,230,749
301,241,10967
301,89,3228
301,498,6312
301,798,5496
301,235,4173
301,253,5730
301,265,3680
301,259,5828
301,288,5498
301,745,2322
301,580,533
301,862,483
301,358,1745
301,329,1408
301,375,1691
301,328,307
301,454,8965
301,387,173
301,136,1943
301,218,5765
301,142,1550
301,755,4391
301,764,1342
301,431,1750
301,625,3687
301,428,8212
301,229,4405
301,765,990
301,380,22
301,550,2477
301,549,2059
301,753,845
301,64,246
301,630,436
301,227,1109
301,86,175
301,63,244
301,615,463
301,245,481
301,612,968
301,239,616
301,451,2080
301,460,751
301,440,3053
301,65,239
301,93,264
301,617,226
301,66,139
301,257,860
301,751,525
301,276,128
301,275,1512
301,660,4328
301,57,159
301,434,1433
301,231,1010
301,280,1370
301,573,368
301,614,373
301,233,491
301,268,490
301,740,223
301,270,679
301,613,212
301,130,378
301,555,1896
301,55,232
301,139,1402
301,616,208
301,249,1735
301,232,1831
301,133,254
301,463,375
301,543,1021
301,540,201
301,610,371
301,71,216
301,225,502
301,425,842
301,645,5068
301,611,285
301,880,478
301,832,374
301,872,473
301,870,444
301,845,454
301,854,623
301,836,462
301,866,503
301,889,64
301,789,4
301,679,4
301,742,30
301,861,124
301,859,124
301,860,124
301,30,2
301,389,9
301,546,7
301,876,4
301,868,4
301,856,6
301,831,6
301,576,2
301,62,69
301,87,1
1311,,1010
1311,89,252
1311,666,619
1311,248,546
1311,798,905
1311,241,495
1311,259,414
1311,755,12
1311,645,410
1311,298,643
1311,998,143
1311,625,293
1311,238,490
1311,261,510
1311,229,360
1311,142,83
1311,269,316
1311,665,401
1311,285,292
1311,282,467
1311,738,255
1311,730,105
1311,218,108
1311,489,19
1311,431,19
1311,389,52
1311,266,285
1311,253,276
1311,87,10
1311,287,285
1311,613,18
1311,347,8
1311,358,4
1311,635,232
1311,255,319
1311,275,2
1311,615,208
1311,761,11
1311,728,257
1311,437,4
1311,769,236
1311,247,251
1311,566,2
1311,580,274
1311,85,61
1311,231,244
1311,260,240
1311,136,13
1311,612,162
1311,380,1
1311,349,94
1311,619,9
1311,454,2
1311,364,152
1311,71,73
1311,610,177
1311,225,159
1311,611,143
1311,64,68
1311,228,261
1311,236,261
1311,428,115
1311,630,116
1311,235,328
1311,234,215
1311,338,35
1311,274,145
1311,271,198
1311,240,317
1311,243,198
1311,244,190
1311,446,125
1311,351,128
1311,614,160
1311,836,71
1311,233,129
1311,740,211
1311,745,234
1311,640,129
1311,251,253
1311,249,151
1311,93,136
1311,252,242
1311,753,104
1311,256,200
1311,660,208
1311,862,143
1311,866,124
1311,278,284
1311,272,270
1311,273,89
1311,279,113
1311,268,229
1311,232,228
1311,283,269
1311,765,69
1311,616,42
1311,617,162
1311,288,201
1311,265,208
909,425,1520
909,329,192
909,428,1400
909,431,1940
909,328,127
909,352,150
909,434,282
909,437,520
909,336,129
909,340,440
909,440,471
909,347,293
909,446,990
909,351,896
909,349,686
909,354,292
909,358,470
909,364,1577
909,366,753
909,454,476
909,451,612
909,498,20
909,457,377
909,342,163
909,375,178
909,460,852
909,463,291
988,640,22
988,268,8
988,660,27
988,769,21
988,238,26
988,285,22
988,136,17
988,247,12
988,428,14
988,252,25
988,229,12
988,225,6
988,340,7
988,269,20
988,265,6
988,666,37
988,336,3
988,378,4
988,342,10
988,366,8
988,451,8
988,245,4
988,728,15
988,764,4
988,555,5
988,249,14
988,142,19
988,549,11
988,93,9
988,272,16
988,614,8
988,364,18
988,870,4
988,580,26
988,240,16
988,612,8
988,257,4
988,383,2
988,55,12
988,66,2
988,745,18
988,256,20
988,610,10
988,274,10
988,260,20
988,665,27
988,454,12
988,630,12
988,282,18
988,645,34
988,248,22
988,77,1
988,227,3
988,753,3
988,235,8
988,234,8
988,230,7
988,261,14
988,259,15
988,862,5
988,130,5
988,251,7
988,236,16
988,655,8
988,573,8
988,463,7
988,273,4
988,278,26
988,266,29
988,231,8
988,440,9
988,228,14
988,338,3
988,738,20
988,431,12
988,347,9
988,287,20
988,755,18
988,625,4
988,270,2
988,358,10
988,352,3
988,280,7
988,349,11
988,617,4
988,730,33
988,139,17
988,255,19
988,253,17
988,446,4
988,271,8
988,288,19
988,351,14
988,832,1
988,635,2
988,611,5
988,64,9
988,381,3
988,232,11
988,243,15
988,241,22
988,354,3
988,434,1
988,615,5
988,740,3
988,880,2
988,71,7
988,283,8
988,460,3
988,550,5
988,233,6
988,275,1
988,836,1
988,437,4
988,244,7
988,239,3
988,425,6
988,65,1
988,866,5
988,384,1
988,30,1
988,457,1
988,279,1
988,765,1
940,,605
940,728,31
940,550,21
940,580,10
940,573,3
940,610,8
940,615,4
940,93,9
940,66,11
940,434,14
940,613,9
940,645,29
940,738,70
940,755,33
940,85,11
940,611,9
940,665,18
940,769,50
940,730,27
940,753,4
940,854,5
940,358,8
940,273,23
940,266,6
940,265,9
940,136,9
940,282,22
940,451,15
940,460,7
940,235,14
940,248,14
940,431,27
940,425,10
940,428,10
940,229,16
940,238,24
940,257,3
940,269,9
940,278,11
940,660,19
940,764,13
940,666,27
940,285,11
940,272,8
940,765,18
940,614,6
940,549,30
940,745,11
940,640,23
940,280,5
940,275,8
940,340,10
940,342,10
940,228,9
940,454,18
940,252,14
940,218,29
940,225,5
940,241,16
940,139,12
940,437,22
940,288,34
940,347,3
940,463,3
940,555,21
940,64,7
940,63,9
940,71,11
940,55,10
940,612,6
940,268,2
940,227,7
940,836,2
940,862,6
940,832,8
940,440,7
940,366,5
940,253,20
940,351,9
940,249,6
940,382,6
940,287,3
940,625,8
940,256,5
940,142,21
940,260,1
940,635,16
940,283,4
940,255,6
940,446,4
940,354,2
940,259,15
940,336,8
940,349,17
940,364,10
940,543,7
940,87,4
940,230,4
940,251,7
940,130,3
940,236,2
940,30,2
940,566,6
940,751,6
940,655,2
940,552,1
940,261,1
940,240,3
940,558,2
940,866,3
940,279,3
940,247,1
940,232,1
21,,491
21,769,254
21,282,161
21,238,136
21,248,163
21,285,181
21,259,142
21,288,136
21,265,75
21,218,87
21,63,1
21,251,24
21,249,17
21,742,10
21,645,228
21,253,168
21,460,11
21,550,51
21,235,25
21,755,26
21,279,33
21,273,26
21,261,27
21,635,12
21,243,15
21,573,47
21,255,8
21,555,8
21,625,15
21,272,96
21,85,5
21,437,8
21,260,15
21,142,20
21,543,4
21,549,6
21,349,18
21,93,2
21,55,3
21,998,464
21,232,4
21,266,23
21,278,19
21,271,7
21,298,23
21,364,11
21,358,6
21,228,4
21,428,7
21,347,6
21,589,5
21,431,12
21,241,9
21,244,14
21,351,8
21,580,4
21,764,10
21,225,5
21,57,1
21,340,2
21,389,9
21,454,11
21,660,19
21,728,3
21,231,6
21,240,3
21,256,13
21,89,10
21,289,12
21,880,1
21,269,3
21,665,7
21,666,7
21,287,10
21,540,2
21,740,4
21,88,2
21,274,1
21,233,1
21,66,1
21,489,3
21,745,1
21,234,3
21,612,1
21,280,4
21,65,1
21,679,1
21,247,1
21,229,4
21,133,2
21,236,2
21,342,1
21,227,1
21,753,1
21,798,1
701,88,359
701,64,72
701,65,39
701,66,63
701,57,114
701,63,111
701,89,665
701,71,94
701,85,76
701,93,61
701,55,188
701,142,335
701,189,1073
701,139,267
701,136,341
701,130,88
701,133,25
701,289,9476
701,248,489
701,259,281
701,265,196
701,261,250
701,241,346
701,257,72
701,278,250
701,238,371
701,282,441
701,272,120
701,266,228
701,283,65
701,253,334
701,285,313
701,235,190
701,275,133
701,225,102
701,269,251
701,256,46
701,236,105
701,218,177
701,280,98
701,274,140
701,288,309
701,247,173
701,287,157
701,228,92
701,227,134
701,230,49
701,229,151
701,252,53
701,243,76
701,249,85
701,239,86
701,234,31
701,245,4
701,251,84
701,233,42
701,232,46
701,255,34
701,268,16
701,279,171
701,240,39
701,260,65
701,271,34
701,244,14
701,270,28
701,231,12
701,273,27
701,380,895
701,338,89
701,381,29
701,378,37
701,377,41
701,384,37
701,383,57
701,382,17
701,354,94
701,340,164
701,349,97
701,389,1847
701,351,221
701,336,149
701,366,149
701,364,216
701,358,191
701,347,190
701,342,253
701,352,72
701,489,2792
701,446,48
701,463,80
701,454,425
701,451,269
701,431,400
701,440,193
701,434,150
701,425,189
701,460,99
701,437,235
701,457,23
701,428,242
701,543,310
701,589,1164
701,540,148
701,549,225
701,555,48
701,573,25
701,550,152
701,580,82
701,611,109
701,619,1358
701,614,210
701,610,115
701,612,83
701,615,200
701,617,210
701,613,114
701,616,47
701,666,550
701,679,4580
701,665,447
701,635,678
701,660,331
701,640,732
701,655,99
701,630,222
701,645,1015
701,625,331
701,789,6529
701,745,458
701,751,322
701,769,1522
701,738,1208
701,764,441
701,765,292
701,728,600
701,755,996
701,753,380
701,730,1136
701,870,143
701,889,2282
701,860,129
701,836,90
701,866,162
701,832,242
701,845,22
701,854,122
701,872,67
701,862,248
701,880,170
701,856,16
701,831,41
701,859,97
701,861,110
701,998,938
701,498,125
701,298,153
701,798,112
701,,168
701,86,3
701,689,2
50,,2182
50,998,15737
50,189,5804
50,289,12222
50,275,144
50,298,398
50,389,15913
50,489,17145
50,498,1338
50,89,1322
50,589,2666
50,619,417
50,679,1452
50,889,30
50,798,46
50,88,12
50,625,120
50,377,6
50,71,82
50,610,41
50,225,235
50,425,1201
50,611,22
50,64,96
50,666,76
50,287,408
50,228,69
50,236,265
50,428,3113
50,431,977
50,630,6
50,227,10
50,86,122
50,352,8
50,235,829
50,231,80
50,234,122
50,247,269
50,434,865
50,229,460
50,730,378
50,789,1605
50,437,2604
50,336,553
50,338,1373
50,230,306
50,274,48
50,378,12
50,340,1374
50,130,499
50,440,2224
50,142,384
50,271,36
50,238,737
50,239,28
50,612,53
50,241,239
50,240,201
50,243,146
50,245,444
50,347,2684
50,244,325
50,446,10
50,351,1395
50,349,910
50,738,131
50,645,1064
50,543,84
50,540,48
50,354,40
50,549,295
50,248,404
50,614,26
50,728,134
50,233,4
50,382,2
50,740,12
50,613,44
50,555,300
50,383,4
50,640,46
50,251,60
50,133,70
50,136,2063
50,93,38
50,65,8
50,252,86
50,66,44
50,255,719
50,635,16
50,753,14
50,256,507
50,257,10
50,253,106
50,358,1552
50,751,40
50,259,1202
50,260,362
50,261,80
50,364,2807
50,660,138
50,366,448
50,454,3956
50,755,576
50,665,82
50,550,1346
50,451,796
50,63,138
50,266,209
50,270,4
50,278,142
50,272,206
50,269,1421
50,273,166
50,279,71
50,268,26
50,342,2239
50,573,393
50,232,226
50,283,232
50,764,88
50,615,40
50,765,46
50,616,8
50,139,413
50,55,124
50,282,263
50,85,169
50,285,137
50,460,561
50,617,45
50,384,2
50,463,403
50,769,186
50,854,6
50,880,12
50,580,42
50,218,68
50,288,22
50,265,88
820,261,127
820,728,757
820,880,1260
820,872,782
820,,5942
820,856,241
820,625,675
820,862,1183
820,854,2554
820,866,1854
820,868,533
820,440,32
820,136,5
820,738,1636
820,347,212
820,288,35
820,745,312
820,870,1650
820,460,97
820,573,28
820,831,858
820,836,1690
820,832,1252
820,769,356
820,660,62
820,765,942
820,755,339
820,845,37
820,635,230
820,227,51
820,454,86
820,640,49
820,859,3
820,431,68
820,381,28
820,259,1
820,543,9
820,434,90
820,730,101
820,457,2
820,645,19
820,218,43
820,282,7
820,255,5
820,275,1
820,241,72
820,287,1
820,248,46
820,233,51
820,279,1
820,272,1
820,549,1
820,425,165
820,753,8
820,860,73
820,133,1
820,666,9
820,451,5
820,260,1
820,349,4
820,751,188
820,231,1
820,244,1
820,238,16
820,273,3
820,329,31
7,666,1159
7,625,775
7,998,13075
7,265,441
7,364,449
7,282,380
7,347,641
7,769,211
7,298,619
7,738,1327
7,457,996
7,142,724
7,665,524
7,437,690
7,289,1701
7,489,48
7,498,147
7,71,146
7,93,138
7,753,158
7,612,168
7,241,477
7,287,221
7,218,827
7,259,881
7,255,1129
7,285,499
7,580,607
7,278,614
7,266,640
7,610,57
7,236,767
7,228,559
7,85,244
7,66,163
7,89,310
7,238,863
7,428,939
7,288,248
7,248,732
7,64,301
7,645,270
7,230,43
7,619,85
7,640,297
7,730,413
7,543,214
7,550,726
7,764,66
7,63,168
7,235,404
7,269,389
7,261,323
7,336,31
7,225,108
7,798,404
7,351,33
7,389,208
7,342,27
7,660,31
7,273,132
7,454,160
7,614,28
7,755,110
7,256,10
7,740,22
7,229,19
7,65,27
7,613,164
7,253,17
7,55,268
7,540,68
7,555,248
7,349,26
7,589,81
7,136,247
7,425,56
7,635,222
7,431,171
7,440,75
7,434,28
7,630,16
7,57,140
7,679,51
7,789,11
7,463,21
7,549,267
7,728,50
7,275,13
7,279,401
7,62,10
7,272,23
7,189,13
7,271,43
7,615,32
7,573,230
7,338,109
7,139,136
7,260,13
7,745,3
7,340,61
7,231,36
7,232,6
7,460,5
7,751,19
7,358,97
7,130,42
7,133,53
7,862,2
7,251,13
7,247,5
7,243,2
7,366,18
7,86,16
7,611,16
7,227,4
7,451,7
7,854,5
7,234,6
7,765,2
7,244,2
12,566,1
8,259,375
8,,234
8,738,338
8,289,442
8,635,359
8,798,216
8,660,677
8,437,201
8,764,28
8,389,35
8,665,256
8,347,325
8,765,92
8,285,558
8,998,3831
8,265,294
8,730,267
8,645,324
8,253,845
8,364,169
8,550,462
8,298,680
8,278,291
8,63,304
8,251,159
8,238,669
8,235,380
8,252,159
8,248,499
8,282,932
8,234,32
8,275,19
8,229,55
8,89,116
8,218,225
8,231,23
8,239,10
8,65,75
8,666,183
8,431,416
8,679,21
8,336,15
8,228,102
8,241,93
8,589,192
8,769,306
8,288,433
8,279,359
8,225,324
8,57,104
8,64,79
8,625,336
8,619,47
8,55,21
8,338,245
8,454,148
8,751,42
8,358,40
8,555,120
8,573,53
8,287,26
8,71,19
8,66,57
8,273,376
8,261,64
8,640,277
8,755,63
8,440,109
8,862,71
8,451,77
8,428,252
8,789,21
8,255,305
8,280,35
8,728,149
8,630,33
8,349,70
8,269,30
8,272,41
8,247,35
8,753,20
8,489,54
8,342,57
8,227,29
8,142,46
8,498,132
8,351,63
8,543,83
8,266,41
8,86,44
8,93,88
8,85,88
8,611,27
8,613,6
8,614,26
8,615,9
8,617,7
8,580,33
8,274,7
8,540,17
8,549,85
8,283,16
8,745,226
8,612,75
8,446,19
8,610,36
8,249,60
8,139,11
8,240,10
8,244,5
8,243,5
8,256,5
8,260,54
8,271,7
8,340,40
8,689,4
8,236,2
8,133,2
8,136,5
8,740,4
8,189,1
951,352,44
951,259,145
951,266,73
951,428,89
951,225,21
951,755,72
951,228,86
951,227,32
951,249,44
951,238,106
951,730,16
951,364,58
951,282,150
951,274,45
951,862,18
951,285,49
951,241,119
951,338,51
951,283,25
951,617,19
951,555,60
951,240,73
951,232,71
951,260,93
951,64,26
951,256,102
951,645,77
951,349,67
951,351,69
951,635,72
951,354,41
951,288,66
951,745,75
951,272,40
951,248,93
951,269,114
951,257,12
951,640,71
951,580,138
951,446,9
951,573,22
951,253,51
951,610,14
951,278,77
951,243,109
951,245,12
951,655,60
951,268,38
951,665,116
951,136,80
951,611,10
951,347,58
951,55,26
951,252,127
951,255,152
951,457,6
951,728,35
951,769,85
951,740,14
951,616,9
951,142,87
951,273,7
951,666,156
951,287,142
951,139,49
951,251,10
951,764,27
951,234,20
951,270,28
951,244,12
951,381,31
951,236,114
951,340,21
951,614,14
951,880,29
951,615,41
951,660,85
951,247,36
951,549,36
951,231,13
951,437,9
951,233,16
951,451,30
951,425,1
951,280,13
951,230,72
951,229,54
951,866,11
951,71,60
951,550,8
951,271,15
951,329,6
951,454,16
951,377,2
951,378,12
951,383,13
951,366,4
951,336,2
951,235,19
951,384,7
951,382,3
951,342,6
951,870,2
951,265,3
951,625,1
11,289,554
11,,3818
11,998,2297
11,798,76
11,298,150
11,489,31
11,89,149
11,389,88
11,619,97
11,789,83
11,498,91
11,589,98
11,679,37
11,189,21
11,889,2
11,645,57
11,364,88
11,287,133
11,255,152
11,730,56
11,236,113
11,550,159
11,728,57
11,349,119
11,71,57
11,666,130
11,660,152
11,282,125
11,260,95
11,351,74
11,232,96
11,615,80
11,614,90
11,769,33
11,428,110
11,283,13
11,278,55
11,243,14
11,252,40
11,248,58
11,269,15
11,279,127
11,555,100
11,85,79
11,625,136
11,228,42
11,218,20
11,63,81
11,57,56
11,225,5
11,229,21
11,630,33
11,635,160
11,66,92
11,745,103
11,259,100
11,580,61
11,573,107
11,543,49
11,86,2
11,617,20
11,241,3
11,753,106
11,610,49
11,549,81
11,142,73
11,130,7
11,665,113
11,740,40
11,437,105
11,612,59
11,247,12
11,261,33
11,231,55
11,235,82
11,273,68
11,64,80
11,230,1
11,136,96
11,338,65
11,454,48
11,55,10
11,265,49
11,93,90
11,238,68
11,266,38
11,640,44
11,611,6
11,139,63
11,274,2
11,133,15
11,285,16
11,434,4
11,366,5
11,689,25
11,755,12
11,738,2
11,251,34
11,272,2
11,244,1
11,249,3
11,253,2
11,256,2
11,275,1
11,280,2
11,288,3
11,336,1
11,342,11
11,347,7
11,358,6
11,425,1
11,431,12
11,440,21
11,451,1
11,460,2
11,764,5
11,234,1
11,239,1
11,854,4
11,378,1
11,271,1
11,240,1
11,65,1
10,298,5005
10,380,157
10,489,777
10,498,1127
10,619,657
10,679,629
10,789,81
10,798,3767
10,89,3011
10,998,40485
10,625,2009
10,71,1441
10,610,668
10,225,1408
10,425,401
10,611,201
10,64,3150
10,666,3186
10,287,1654
10,72,19
10,228,859
10,236,349
10,428,3438
10,431,1257
10,630,66
10,227,681
10,235,2060
10,231,474
10,234,406
10,247,399
10,434,571
10,229,355
10,730,2085
10,437,2348
10,336,740
10,338,181
10,230,80
10,68,20
10,274,124
10,378,3
10,340,220
10,130,160
10,440,675
10,82,600
10,142,1230
10,271,761
10,238,4310
10,832,16
10,239,2
10,381,3
10,612,1131
10,241,641
10,240,562
10,243,227
10,245,2
10,347,2897
10,244,427
10,446,18
10,735,12
10,351,1897
10,62,500
10,349,487
10,75,33
10,738,944
10,546,4
10,645,3222
10,543,1178
10,540,129
10,354,72
10,549,560
10,248,4311
10,614,481
10,728,2384
10,233,4
10,740,75
10,742,8
10,552,4
10,613,341
10,745,1585
10,555,990
10,251,1442
10,249,107
10,83,767
10,342,1432
10,232,618
10,854,5
10,57,2019
1312,625,552
1312,225,187
1312,71,103
1312,425,60
1312,610,437
1312,611,241
1312,228,426
1312,236,595
1312,287,702
1312,666,742
1312,72,202
1312,64,135
1312,86,204
1312,352,97
1312,428,249
1312,431,113
1312,630,337
1312,227,99
1312,231,420
1312,730,419
1312,247,606
1312,229,736
1312,235,740
1312,234,223
1312,437,235
1312,233,148
1312,230,129
1312,336,45
1312,338,222
1312,274,144
1312,340,412
1312,440,385
1312,142,168
1312,271,366
1312,82,31
1312,238,543
1312,832,63
1312,239,103
1312,612,378
1312,241,897
1312,243,492
1312,240,611
1312,244,230
1312,245,92
1312,347,469
1312,446,391
1312,351,427
1312,349,452
1312,738,783
1312,645,1035
1312,540,175
1312,543,88
1312,354,137
1312,549,113
1312,613,236
1312,248,446
1312,614,272
1312,728,692
1312,745,580
1312,251,410
1312,640,471
1312,249,384
1312,136,233
1312,93,300
1312,252,506
1312,655,47
1312,358,27
1312,66,161
1312,255,284
1312,635,385
1312,65,67
1312,753,367
1312,259,643
1312,256,114
1312,257,112
1312,253,388
1312,751,52
1312,275,436
1312,260,506
1312,261,1091
1312,364,371
1312,660,535
1312,665,823
1312,366,43
1312,454,313
1312,755,452
1312,862,438
1312,740,140
1312,451,274
1312,550,105
1312,,719
1312,57,170
1312,77,183
1312,87,342
1312,266,460
1312,278,311
1312,269,675
1312,866,111
1312,272,427
1312,342,365
1312,273,283
1312,63,235
1312,279,414
1312,268,266
1312,457,251
1312,280,344
1312,573,117
1312,232,397
1312,283,468
1312,764,671
1312,615,407
1312,616,57
1312,765,392
1312,139,117
1312,282,846
1312,285,640
1312,85,393
1312,460,31
1312,617,328
1312,769,398
1312,580,354
1312,218,366
1312,288,935
1312,265,380
971,730,21
971,745,21
971,635,21
971,751,15
971,640,15
971,665,21
971,862,21
971,274,21
971,136,21
971,142,20
971,580,18
971,278,21
971,229,21
971,231,21
971,234,21
971,240,21
971,235,21
971,245,17
971,251,21
971,260,21
971,255,21
971,272,21
971,227,18
971,283,21
971,248,21
971,253,21
971,249,21
971,279,21
971,275,21
971,266,21
971,265,18
971,285,21
971,615,21
971,613,18
971,614,18
971,431,21
971,425,21
971,347,21
971,336,8
971,440,8
971,366,11
971,460,8
971,329,5
971,340,21
971,352,5
971,457,5
971,349,21
971,753,10
971,764,21
971,540,21
971,273,21
971,287,21
971,247,21
971,241,21
971,256,21
971,261,21
971,271,18
971,259,21
971,218,21
971,282,21
971,86,18
971,93,17
971,617,21
971,437,14
971,351,20
971,454,21
971,463,21
971,666,18
971,375,4
971,728,21
971,832,21
971,645,21
971,738,21
971,660,21
971,755,21
971,769,18
971,130,24
971,139,15
971,236,21
971,228,21
971,232,21
971,239,21
971,244,20
971,243,21
971,269,11
971,225,21
971,238,21
971,252,21
971,280,21
971,288,21
971,85,21
971,428,18
971,434,8
971,342,20
971,358,8
971,364,11
971,328,4
971,338,5
971,446,20
971,354,21
971,451,7
971,610,7
971,630,3
959,373,8
959,625,794
959,225,181
959,71,297
959,576,21
959,425,802
959,610,297
959,377,17
959,611,206
959,228,254
959,236,204
959,287,331
959,666,432
959,530,115
959,64,416
959,86,269
959,352,101
959,428,227
959,431,922
959,329,145
959,630,187
959,227,203
959,231,864
959,434,476
959,730,880
959,247,240
959,229,243
959,235,1048
959,234,221
959,831,48
959,437,1150
959,233,302
959,230,270
959,336,255
959,338,339
959,,12
959,30,168
959,274,193
959,378,39
959,340,712
959,130,180
959,440,359
959,142,795
959,271,173
959,238,406
959,832,351
959,239,111
959,612,388
959,241,240
959,243,431
959,889,226
959,998,2347
959,298,338
959,798,346
959,589,154
959,89,517
959,498,453
959,240,178
959,244,311
959,245,80
959,381,43
959,347,531
959,446,204
959,351,443
959,62,77
959,349,469
959,738,563
959,645,527
959,540,229
959,543,513
959,354,166
959,549,293
959,613,263
959,248,416
959,614,425
959,728,253
959,836,40
959,382,20
959,57,318
959,552,92
959,745,279
959,555,581
959,251,517
959,133,194
959,640,353
959,249,138
959,136,398
959,93,324
959,252,217
959,655,251
959,358,361
959,66,208
959,255,591
959,635,198
959,65,249
959,753,183
959,259,319
959,256,341
959,257,168
959,253,578
959,751,240
959,275,169
959,260,271
959,261,396
959,364,199
959,660,420
959,845,26
959,665,366
959,550,1036
959,366,429
959,232,282
959,740,57
959,342,345
959,859,17
959,862,225
959,451,375
959,454,610
959,755,541
959,77,10
959,87,99
959,880,241
959,268,197
959,566,142
959,269,270
959,63,385
959,270,91
959,272,258
959,866,136
959,273,554
959,218,253
959,279,1739
959,384,24
959,278,1124
959,457,124
959,280,108
959,573,266
959,615,444
959,764,248
959,765,256
959,283,225
959,868,14
959,375,156
959,139,316
959,55,424
959,616,173
959,285,374
959,85,419
959,282,513
959,460,546
959,617,337
959,854,53
959,463,167
959,769,595
959,580,404
959,288,358
959,265,292
959,861,37
959,266,268
959,870,22
959,872,78
974,625,193
974,71,172
974,610,108
974,225,84
974,425,64
974,611,106
974,64,143
974,666,251
974,287,183
974,228,115
974,236,133
974,428,187
974,431,104
974,630,137
974,227,167
974,86,58
974,235,256
974,231,223
974,234,190
974,247,130
974,434,41
974,229,182
974,730,155
974,437,135
974,336,78
974,338,148
974,230,8
974,274,130
974,340,154
974,130,108
974,440,71
974,142,187
974,271,120
974,238,313
974,239,116
974,612,100
974,241,231
974,,2091
974,240,130
974,243,242
974,245,97
974,347,236
974,244,127
974,351,156
974,349,113
974,738,103
974,645,169
974,543,208
974,540,62
974,549,160
974,248,285
974,614,162
974,728,149
974,233,159
974,740,61
974,613,207
974,745,135
974,555,134
974,640,136
974,251,154
974,249,156
974,133,84
974,136,98
974,93,137
974,252,229
974,66,74
974,255,189
974,635,239
974,753,226
974,256,197
974,655,85
974,253,196
974,358,222
974,751,110
974,259,71
974,275,175
974,260,304
974,261,272
974,364,140
974,660,325
974,558,39
974,366,147
974,454,86
974,862,141
974,755,214
974,665,203
974,550,245
974,451,69
974,63,107
974,266,237
974,278,176
974,272,256
974,269,186
974,273,275
974,279,225
974,268,134
974,342,166
974,573,140
974,280,112
974,232,153
974,283,177
974,764,86
974,615,205
974,765,112
974,616,116
974,139,112
974,55,153
974,282,311
974,85,102
974,285,308
974,460,112
974,617,100
974,463,149
974,769,109
974,57,163
974,580,183
974,218,125
974,288,229
974,265,243
963,998,128353
963,625,1562
963,71,619
963,130,396
963,225,901
963,425,651
963,610,354
963,611,279
963,666,1826
963,329,603
963,86,320
963,352,369
963,236,1281
963,630,852
963,428,834
963,64,559
963,227,322
963,431,1235
963,72,198
963,287,813
963,228,1195
963,230,358
963,728,1204
963,229,1468
963,231,1175
963,232,1935
963,434,325
963,730,1830
963,437,655
963,233,854
963,234,1132
963,336,340
963,247,2104
963,62,547
963,338,594
963,274,1016
963,340,366
963,740,1038
963,235,1792
963,,7387
963,440,519
963,142,976
963,342,727
963,245,370
963,271,1198
963,238,1952
963,239,455
963,240,897
963,612,263
963,241,1369
963,347,468
963,243,1492
963,244,783
963,446,1041
963,349,1167
963,351,588
963,645,6507
963,738,1830
963,540,847
963,543,1548
963,354,583
963,549,1141
963,613,260
963,248,1633
963,57,848
963,614,775
963,745,1243
963,555,781
963,249,788
963,251,944
963,133,165
963,66,349
963,252,1771
963,253,1848
963,751,688
963,655,619
963,255,1516
963,256,1196
963,358,325
963,93,190
963,753,1014
963,65,460
963,136,820
963,259,2116
963,635,1598
963,275,1457
963,660,1373
963,364,611
963,260,1678
963,261,2372
963,558,354
963,832,2458
963,665,829
963,550,848
963,366,435
963,862,551
963,451,578
963,454,768
963,755,815
963,77,192
963,266,1294
963,268,744
963,566,278
963,269,688
963,63,567
963,272,1409
963,273,1996
963,218,758
963,279,1727
963,640,1143
963,278,1708
963,280,1153
963,573,1122
963,615,715
963,282,1504
963,764,858
963,765,668
963,283,1204
963,139,645
963,55,587
963,616,203
963,285,1728
963,85,467
963,460,270
963,617,617
963,463,397
963,769,1668
963,580,745
963,288,1730
963,265,1871
302,576,51
302,625,10892
302,298,10431
302,377,12
302,71,1807
302,610,2322
302,498,189
302,225,3140
302,425,240
302,,1581
302,611,1097
302,64,1522
302,329,23
302,666,7323
302,287,2621
302,72,57
302,530,9
302,228,3250
302,236,4044
302,725,3
302,428,1807
302,431,1023
302,328,29
302,630,18
302,227,2739
302,86,925
302,352,274
302,235,8065
302,619,3388
302,231,654
302,234,145
302,247,3685
302,434,51
302,229,2015
302,730,212
302,437,3120
302,336,502
302,230,69
302,30,135
302,68,11
302,998,137892
302,274,564
302,378,20
302,340,4541
302,130,94
302,440,1471
302,82,5
302,142,3583
302,238,13910
302,89,2274
302,789,4213
302,832,255
302,860,540
302,239,196
302,381,11
302,612,3113
302,241,7847
302,240,489
302,243,3945
302,245,67
302,347,5714
302,244,110
302,446,1662
302,735,4
302,351,3855
302,62,55
302,349,7881
302,75,213
302,738,7280
302,546,114
302,645,9149
302,543,2307
302,540,11
302,354,2973
302,549,5035
302,248,15777
302,614,3131
302,728,5351
302,836,3
302,233,148
302,382,35
302,742,28
302,552,14
302,613,1729
302,745,449
302,555,1270
302,383,5
302,640,2342
302,251,6871
302,249,3063
302,84,12
302,83,7
302,133,499
302,136,1223
302,93,1271
302,65,160
302,252,5614
302,859,248
302,589,2301
302,66,1659
302,255,8196
302,635,3183
302,753,1033
302,256,588
302,45,22
302,257,58
302,655,261
302,253,10305
302,358,4074
302,751,144
302,259,15336
302,275,4941
302,260,1828
302,261,10855
302,364,2356
302,389,357
302,189,38
302,660,5832
302,845,1
302,856,42
302,558,24
302,366,763
302,454,4364
302,279,4703
302,266,7297
302,282,12827
302,285,11314
302,769,4609
302,288,10161
302,85,4768
302,265,5274
302,218,11097
302,280,3696
302,862,301
302,755,6096
302,665,6820
302,76,29
302,550,2411
302,861,46
302,451,2170
302,561,24
302,77,41
302,63,1290
302,87,1885
302,566,3
302,866,83
302,270,32
302,278,4441
302,761,21
302,61,3
302,272,1805
302,269,6747
302,273,2002
302,489,2612
302,689,171
302,289,1008
302,457,5
302,268,54
302,342,2276
302,232,479
302,283,462
302,764,1091
302,615,2330
302,765,1838
302,616,1130
302,139,350
302,870,121
302,55,312
302,375,17
302,732,18
302,460,22
302,617,1469
302,384,34
302,463,369
302,854,265
302,880,116
302,57,1626
302,580,2700
302,679,158
302,889,141
302,338,223
302,271,29
302,740,9
302,573,2039
302,872,2
966,,241
966,666,743
966,660,760
966,738,190
966,745,518
966,728,342
966,665,559
966,765,235
966,625,731
966,755,518
966,640,364
966,645,85
966,630,192
966,740,388
966,635,552
966,764,38
966,854,20
966,862,24
966,832,39
966,285,597
966,238,1178
966,248,824
966,228,923
966,274,546
966,273,680
966,266,667
966,279,1169
966,347,390
966,366,294
966,440,374
966,351,703
966,364,511
966,342,146
966,437,337
966,338,235
966,428,472
966,349,745
966,434,10
966,451,96
966,454,25
966,610,430
966,278,670
966,130,238
966,540,206
966,580,706
966,550,357
966,142,687
966,615,699
966,573,467
966,543,420
966,612,51
966,614,409
966,617,12
966,139,150
966,133,184
966,549,573
966,555,196
966,55,96
966,136,59
966,63,10
966,64,12
966,85,110
966,71,10
966,234,536
966,252,602
966,282,796
966,259,731
966,288,273
966,235,846
966,253,906
966,249,516
966,265,291
966,280,494
966,275,69
966,218,54
966,225,22
966,231,648
966,256,730
966,236,321
966,287,607
966,230,79
966,244,480
966,255,668
966,269,1345
966,241,581
966,268,127
966,243,695
966,283,171
966,232,677
966,229,595
966,240,361
966,272,716
966,260,880
966,247,840
966,251,716
966,261,161
928,625,208
928,225,110
928,71,95
928,576,18
928,425,174
928,610,81
928,,53
928,377,93
928,611,80
928,228,143
928,236,148
928,287,175
928,666,239
928,72,53
928,530,14
928,328,94
928,64,69
928,86,66
928,352,131
928,428,257
928,431,89
928,329,78
928,725,2
928,630,222
928,227,58
928,231,192
928,434,136
928,730,180
928,247,156
928,229,149
928,235,198
928,234,142
928,831,31
928,437,218
928,233,112
928,230,146
928,336,155
928,338,135
928,68,45
928,274,124
928,378,41
928,340,180
928,130,92
928,440,204
928,142,230
928,271,137
928,82,58
928,238,280
928,832,91
928,860,41
928,239,65
928,612,70
928,241,153
928,243,179
928,240,137
928,244,138
928,245,84
928,381,22
928,347,165
928,446,203
928,351,207
928,62,58
928,349,166
928,75,38
928,738,291
928,645,285
928,540,157
928,543,127
928,354,155
928,549,136
928,613,102
928,248,234
928,614,188
928,728,228
928,836,64
928,382,27
928,552,19
928,745,219
928,555,123
928,251,139
928,133,75
928,383,25
928,640,247
928,249,100
928,84,69
928,83,55
928,136,113
928,93,182
928,252,189
928,655,186
928,358,212
928,859,21
928,66,93
928,255,187
928,45,15
928,635,275
928,65,67
928,753,203
928,858,4
928,259,219
928,256,154
928,257,82
928,253,111
928,751,55
928,275,142
928,260,170
928,261,217
928,364,320
928,856,20
928,660,280
928,845,10
928,558,110
928,665,276
928,366,137
928,454,254
928,755,269
928,861,9
928,862,224
928,76,44
928,740,180
928,451,216
928,550,110
928,840,2
928,561,42
928,77,68
928,87,111
928,266,129
928,566,58
928,278,235
928,269,156
928,761,10
928,276,2
928,866,150
928,272,285
928,342,252
928,273,160
928,63,94
928,279,180
928,268,46
928,457,179
928,69,54
928,61,48
928,280,117
928,270,70
928,573,82
928,232,160
928,283,177
928,764,206
928,615,184
928,868,26
928,616,82
928,765,259
928,870,52
928,375,89
928,139,145
928,55,106
928,872,21
928,282,236
928,285,224
928,85,158
928,460,127
928,617,149
928,384,23
928,463,220
928,769,270
928,854,145
928,880,76
928,580,107
928,218,125
928,288,213
928,265,116
905,289,14552
905,298,18424
905,389,2467
905,619,627
905,679,1296
905,889,1129
905,89,9
905,998,260
905,625,7677
905,377,372
905,71,3536
905,610,7709
905,225,3642
905,425,17437
905,611,5759
905,64,2782
905,329,282
905,666,19313
905,287,12542
905,72,1494
905,228,7248
905,236,6890
905,428,8047
905,431,26674
905,630,2270
905,227,1567
905,86,2867
905,352,475
905,235,10413
905,231,3393
905,234,5836
905,247,5258
905,434,786
905,229,9019
905,730,53160
905,437,7403
905,336,1638
905,230,2074
905,274,4167
905,378,592
905,340,2455
905,440,2267
905,142,6190
905,238,14530
905,832,494
905,860,901
905,239,3016
905,381,627
905,612,4472
905,241,12669
905,240,1959
905,243,5492
905,347,4398
905,244,2192
905,446,1814
905,351,4910
905,62,5100
905,349,7453
905,738,12007
905,645,55639
905,543,2195
905,540,1116
905,354,3514
905,549,3378
905,248,13446
905,614,8932
905,728,4763
905,836,771
905,233,920
905,613,4876
905,745,9881
905,555,4769
905,383,238
905,640,8588
905,251,4354
905,249,3547
905,136,5229
905,93,6837
905,65,1744
905,252,10330
905,859,659
905,66,3006
905,255,7351
905,635,4348
905,753,6590
905,256,4460
905,257,444
905,655,1597
905,253,9542
905,358,4995
905,259,12230
905,260,7854
905,261,15167
905,364,7337
905,660,8218
905,366,3156
905,454,8361
905,862,3857
905,755,10166
905,665,12000
905,76,685
905,451,2402
905,77,5826
905,63,6180
905,87,3994
905,266,3732
905,866,2779
905,270,26
905,272,4161
905,269,8537
905,279,1480
905,268,1344
905,342,1873
905,280,1992
905,232,3146
905,283,3112
905,764,388
905,615,7964
905,765,1840
905,139,5022
905,870,1094
905,55,6324
905,872,528
905,282,9633
905,85,4933
905,285,9209
905,460,6765
905,617,6443
905,384,559
905,769,32880
905,854,1244
905,880,2283
905,57,3523
905,580,9587
905,218,858
905,288,8390
